"Sampler","Time_elpased","Min_ESS","Max_MCSE"
"HMC(1000,0.25,6)",28.46486899999981,0.0,0.0
"HMCDA(1000,200,0.65,1.5)",30.30714298300001,0.0008759798649573356,0.0008759798649573356
"NUTS(1000,200,0.65)",364.874414698,0.0004283926579791622,0.0004283926579791622
"PG(20,1000)",51.207824384000006,0.0008561434276632803,0.0008561434276632803
