"Sampler","Time_elpased","Min_ESS","Max_MCSE"
"HMC(250,0.25,6)",7.200032336999998,8.753361163571505e-8,8.753361163571505e-8
"HMCDA(250,200,0.65,1.5)",9.209319347000001,0.0016639875655143441,0.0016639875655143441
"NUTS(250,200,0.65)",80.12081636700002,0.0004507282401016665,0.0004507282401016665
